user_id,item_id,action_type
32,1590,wishlist
31,1085,bid
16,220,wishlist
40,3014,wishlist
14,9499,search
44,7501,search
39,9549,search
15,4140,wishlist
48,6833,search
35,8922,wishlist
45,3892,search
5,8727,search
48,1108,search
50,5435,search
45,2088,search
20,2675,search
40,2213,bid
32,3468,wishlist
13,3754,search
21,5018,search
28,7437,bid
19,7010,bid
48,8312,wishlist
28,6120,search
30,5521,wishlist
7,6617,search
26,5555,wishlist
20,5440,bid
2,490,bid
28,5471,search
42,8257,search
17,66,wishlist
9,6832,search
24,397,search
33,3668,search
50,5595,search
34,5785,search
30,5160,search
29,2465,bid
21,4702,wishlist
3,9464,wishlist
24,5265,search
37,7217,search
1,5587,wishlist
48,3156,search
41,250,search
37,3597,bid
50,5795,wishlist
25,740,wishlist
35,327,search
15,8987,search
25,8416,wishlist
2,5714,search
12,9730,wishlist
47,2125,wishlist
13,3841,search
48,2143,search
16,3970,search
39,2360,search
27,730,wishlist
39,7341,bid
12,6676,wishlist
18,3316,wishlist
41,5729,search
23,3008,wishlist
15,1838,wishlist
43,6946,wishlist
4,9313,search
33,1121,wishlist
7,3687,search
9,7339,search
4,7737,search
43,7062,wishlist
46,5304,search
34,706,bid
33,7387,search
33,8593,search
43,2775,search
27,3906,search
13,5643,search
21,4066,search
2,5514,wishlist
39,5981,search
48,751,search
21,4799,search
18,7949,search
18,6130,search
19,3709,search
21,6105,bid
18,4973,search
23,6141,search
33,7039,wishlist
33,4687,search
41,1497,search
21,7852,search
8,5383,search
35,928,bid
48,8567,search
41,299,wishlist
4,9919,wishlist
5,7253,search
8,8328,bid
14,2350,wishlist
38,3169,wishlist
28,1376,search
38,9811,search
4,4346,bid
17,3213,search
47,4171,search
28,5899,wishlist
21,5951,search
31,7396,search
33,7943,wishlist
10,5857,search
34,5600,wishlist
32,5559,search
47,7498,bid
39,9393,search
45,7384,bid
46,3788,wishlist
4,56,search
12,4346,search
31,8704,search
5,7216,search
7,258,bid
30,7206,wishlist
3,5834,search
32,1206,search
41,5891,search
2,2551,search
31,6257,wishlist
39,98,bid
48,325,search
43,6571,search
46,9218,search
37,6305,search
45,5670,wishlist
32,2410,search
43,7450,search
41,7681,wishlist
11,8983,search
4,3666,bid
15,1870,search
46,887,wishlist
42,9448,wishlist
31,5325,search
45,5995,search
11,4925,search
17,2688,search
29,2881,search
17,2790,search
24,7172,wishlist
9,2530,wishlist
36,5830,wishlist
18,6374,wishlist
47,7704,search
14,6580,search
34,4937,search
4,3959,search
16,2572,search
46,1153,wishlist
36,1337,wishlist
5,6358,wishlist
24,8881,wishlist
24,2233,bid
39,9716,search
47,6052,search
45,7373,wishlist
36,7747,wishlist
23,8191,search
38,4663,wishlist
20,3169,search
19,2926,search
1,4083,search
31,5874,wishlist
4,6669,wishlist
37,6649,search
14,7118,search
36,8672,search
12,1750,search
17,729,wishlist
25,2168,search
2,9908,search
48,1487,wishlist
43,4059,wishlist
15,2956,wishlist
37,9,search
6,7671,search
48,2487,search
44,9408,search
2,9877,search
29,8101,search
26,5162,wishlist
43,4649,wishlist
18,7650,search
36,4033,bid
13,7743,wishlist
31,5805,bid
37,8691,search
15,3846,search
10,6560,search
14,8504,search
5,6738,wishlist
49,651,wishlist
10,4725,wishlist
25,2238,wishlist
29,5491,search
41,4720,wishlist
34,270,search
35,7190,bid
30,1109,wishlist
33,7024,wishlist
26,8395,wishlist
24,5177,search
45,2282,search
47,9548,search
24,8862,search
29,9447,search
14,1432,wishlist
23,8734,search
5,5293,wishlist
18,6071,wishlist
24,8872,wishlist
21,2666,wishlist
5,9879,wishlist
32,2545,search
2,1738,wishlist
18,1079,search
37,2365,search
12,6287,search
33,4002,search
13,7881,search
15,7702,search
39,6277,search
2,640,search
25,9999,search
24,3382,search
19,2560,search
46,7361,search
33,2927,search
47,9292,search
36,5594,search
28,1408,search
27,8768,wishlist
19,8900,bid
38,7792,search
20,7499,search
6,4067,bid
17,5015,search
24,9655,search
17,2946,wishlist
21,1139,search
34,2503,wishlist
6,3553,search
47,9028,search
31,1967,wishlist
6,9565,search
3,8306,wishlist
19,6782,search
4,5026,search
7,4786,bid
16,3072,search
35,6192,search
41,7272,search
21,4099,wishlist
39,6323,search
15,1064,search
17,1997,search
3,589,wishlist
19,6780,search
9,7916,search
14,1574,wishlist
34,3144,search
42,3536,search
35,4007,wishlist
11,5863,wishlist
34,634,search
42,3624,wishlist
50,6164,search
8,5225,wishlist
39,341,wishlist
22,9084,search
28,6615,search
3,5323,search
48,9937,search
27,268,search
22,2529,search
7,5702,wishlist
13,5353,wishlist
45,1708,search
42,4139,search
23,9439,search
17,1338,wishlist
39,3245,wishlist
6,6790,search
44,1990,search
26,185,search
49,8557,wishlist
6,3771,bid
27,3413,search
13,1653,wishlist
46,784,search
6,1852,search
28,3593,search
20,7297,search
22,4734,search
32,7760,search
50,972,wishlist
25,9421,wishlist
50,379,search
42,8346,wishlist
39,7188,wishlist
22,8809,search
43,4841,search
36,9011,wishlist
20,5415,wishlist
9,3564,bid
17,3606,search
34,979,wishlist
45,2755,search
20,569,search
40,8525,bid
33,2673,bid
40,8329,bid
6,215,search
49,8339,wishlist
12,3442,search
2,8968,search
40,461,search
48,2394,search
37,6027,search
7,5349,search
42,8139,bid
32,7154,search
27,6495,search
11,9112,search
40,264,wishlist
8,2696,search
38,7290,bid
22,5668,bid
24,3232,search
23,1834,bid
21,1934,wishlist
24,3529,search
29,8971,search
32,601,search
19,3199,wishlist
39,9361,search
11,7609,wishlist
9,7035,search
4,2735,search
25,1718,search
31,737,wishlist
11,2437,bid
18,2906,search
33,1560,wishlist
12,5651,search
18,3481,search
27,909,bid
28,9025,search
16,7220,wishlist
36,2985,search
49,6488,search
46,7491,search
43,1813,wishlist
8,6931,search
30,5565,search
36,5686,search
14,4357,search
40,4500,search
24,2694,search
26,878,search
23,6299,search
5,4783,wishlist
16,3510,wishlist
30,4379,search
50,3760,wishlist
3,12,search
21,3170,wishlist
36,3526,search
10,9837,search
42,9304,search
49,7270,search
7,9410,bid
42,5173,bid
29,2789,wishlist
6,5679,search
32,6122,search
31,5772,wishlist
19,1537,wishlist
32,5399,search
19,401,search
41,1567,wishlist
13,2488,search
28,3390,search
45,6968,search
49,853,search
41,4853,bid
29,8590,search
3,2232,wishlist
11,2541,search
24,4996,bid
37,2874,search
31,9463,search
23,8716,wishlist
28,4509,search
5,4387,search
35,7322,search
19,2169,wishlist
1,3248,search
11,5039,search
33,7963,bid
32,1754,search
23,2751,search
29,3563,search
9,1866,wishlist
43,5140,search
11,323,bid
20,438,bid
12,9428,wishlist
12,3138,search
25,6970,wishlist
4,1917,search
18,8193,wishlist
43,4068,bid
35,9328,search
35,6516,wishlist
40,8983,search
35,2405,search
33,3606,bid
42,3183,wishlist
5,2774,wishlist
17,1733,wishlist
32,6266,search
1,4201,wishlist
17,1909,wishlist
36,480,wishlist
40,809,bid
13,3893,bid
21,7970,wishlist
45,5179,wishlist
49,7238,wishlist
43,9127,search
5,8325,search
9,3231,bid
50,7755,search
26,4139,search
2,8916,search
40,1401,search
3,3898,search
26,1174,search
47,6149,wishlist
47,3849,search
39,2091,wishlist
6,4691,wishlist
45,4476,search
48,980,search
8,2640,search
10,413,search
37,5857,wishlist
8,697,search
49,5042,wishlist
34,5308,search
10,5870,wishlist
22,4622,search
5,7480,wishlist
25,6169,search
32,2077,wishlist
22,5865,search
12,389,wishlist
48,8918,search
38,5728,search
40,8356,search
28,4001,search
33,8448,bid
9,4348,search
19,1919,wishlist
11,2867,search
32,603,search
16,4688,wishlist
13,665,search
31,8775,wishlist
5,4110,wishlist
42,407,search
43,5800,search
36,3787,search
17,8138,wishlist
35,8766,search
24,578,search
16,3918,search
41,2385,search
16,809,search
35,1543,wishlist
43,2936,bid
8,9125,search
11,1761,search
46,8856,wishlist
43,153,search
27,4351,wishlist
13,7631,search
22,2322,wishlist
48,4893,search
23,8456,search
10,5494,search
24,8542,wishlist
34,7491,search
6,2697,wishlist
13,8810,search
14,4481,search
30,4042,wishlist
19,7724,wishlist
27,3484,search
3,7083,search
9,1271,search
40,1014,search
45,9486,search
29,905,search
27,5666,search
31,956,search
26,108,wishlist
2,7966,wishlist
32,4720,search
24,5457,search
33,3873,bid
5,966,search
15,8204,bid
29,8596,bid
13,5879,search
14,310,search
24,7314,wishlist
46,8425,wishlist
20,3174,search
31,6911,search
42,9079,bid
1,7888,search
3,9010,search
47,5568,wishlist
27,3061,wishlist
2,1398,wishlist
13,9443,search
22,1298,wishlist
5,2220,search
50,3009,search
29,1878,wishlist
12,7860,search
4,3042,search
12,9270,wishlist
5,4341,search
20,5138,wishlist
1,6797,search
31,3608,search
48,9700,wishlist
36,9840,bid
48,640,search
27,7549,bid
47,2569,search
12,7796,search
23,4699,bid
17,1698,wishlist
27,403,wishlist
49,2841,search
42,2720,search
33,2787,wishlist
13,587,search
29,6751,search
32,2239,wishlist
37,6703,wishlist
23,5147,wishlist
40,936,search
18,9309,search
34,2445,wishlist
23,4626,wishlist
2,1954,search
39,5949,search
46,8429,wishlist
15,5088,search
43,6712,search
29,5270,search
20,5358,wishlist
42,9955,wishlist
27,8218,wishlist
9,6033,search
17,4547,search
21,4732,search
20,1782,search
5,6616,wishlist
14,9146,search
30,3813,search
1,5143,bid
46,9084,wishlist
49,5911,wishlist
11,8779,search
22,491,search
23,8097,search
3,3503,search
14,6919,bid
37,9605,wishlist
6,895,search
24,6,search
5,174,wishlist
23,4103,wishlist
3,3369,wishlist
30,428,search
36,8621,search
27,1107,search
7,9552,bid
10,2759,search
18,8651,wishlist
22,6057,search
47,6422,wishlist
1,2756,wishlist
12,218,wishlist
22,2613,search
5,3590,search
50,58,search
5,3783,wishlist
35,9451,wishlist
21,5054,search
24,1970,wishlist
37,2828,search
8,5299,search
24,1623,search
21,7106,search
19,6872,bid
37,7625,wishlist
22,1427,wishlist
26,6412,bid
48,5809,search
9,3411,bid
44,5316,search
33,1625,wishlist
11,9147,bid
18,1955,bid
11,5949,wishlist
24,1199,bid
23,2999,wishlist
11,5179,search
11,2378,search
30,3358,search
43,6218,wishlist
18,2574,bid
47,9630,search
18,8481,search
31,4966,search
8,5579,wishlist
48,2007,wishlist
46,2232,search
40,8744,wishlist
6,2751,bid
50,724,wishlist
39,5498,search
44,7465,search
49,3051,wishlist
49,1775,search
42,3636,search
45,1219,search
31,9893,search
33,9058,search
1,8210,search
40,8616,search
42,2531,bid
8,1448,wishlist
29,5037,search
10,6187,search
31,418,wishlist
44,743,search
7,2678,search
21,4070,wishlist
34,431,search
25,9473,wishlist
50,5059,search
49,812,search
49,927,search
37,2106,search
22,1202,search
24,2370,search
33,478,wishlist
20,5165,search
39,5071,search
41,2295,search
30,5756,wishlist
30,3050,search
8,9051,bid
49,9063,search
44,2133,bid
6,9385,wishlist
50,8047,search
31,1782,search
24,5928,wishlist
22,1770,search
39,6028,search
50,8852,wishlist
25,9679,search
25,4252,search
41,9708,wishlist
22,3245,wishlist
21,8471,wishlist
35,712,wishlist
42,9166,search
36,5681,wishlist
10,2414,search
41,3540,wishlist
22,9599,search
1,9900,search
30,9013,search
16,6012,search
30,9215,search
20,9387,search
36,806,wishlist
37,6588,search
20,7678,search
23,5226,search
2,1344,wishlist
28,4022,search
41,7061,search
22,9609,bid
7,3675,wishlist
31,442,bid
20,6654,wishlist
49,7772,search
4,8812,bid
32,6984,search
38,3267,search
42,2390,search
25,4642,search
4,7284,search
20,2847,wishlist
7,2559,wishlist
6,8533,wishlist
19,1568,wishlist
13,2196,search
43,129,search
1,1418,bid
8,4121,bid
7,2475,wishlist
50,220,bid
39,4096,bid
34,9160,wishlist
5,3715,wishlist
12,7584,search
33,4360,search
35,7907,search
41,1285,bid
21,6429,bid
30,7201,search
14,6219,search
42,7260,search
10,914,wishlist
27,9818,wishlist
43,9661,search
19,8453,search
37,7687,search
42,1529,search
7,7784,search
34,7353,bid
34,7407,search
48,8491,wishlist
7,6645,search
49,6849,wishlist
34,8245,search
2,7077,wishlist
36,2781,wishlist
49,5299,search
17,9424,wishlist
45,3764,bid
11,8131,search
36,8204,wishlist
39,3302,wishlist
24,8702,wishlist
9,5325,search
27,2546,search
22,310,search
30,4047,bid
3,7193,search
42,6433,search
42,5162,search
1,757,search
20,5369,search
36,640,search
35,785,search
10,7578,wishlist
25,7858,search
34,5375,wishlist
37,7431,search
40,9397,wishlist
43,9125,search
28,9198,search
16,6507,bid
34,6825,search
18,121,bid
31,215,search
11,4201,search
49,3728,wishlist
12,5073,search
14,6023,bid
47,5427,search
12,5134,wishlist
49,7021,wishlist
3,1770,bid
34,4949,search
46,9574,search
45,5946,search
1,1581,search
34,4721,search
12,432,search
20,9599,search
12,6898,wishlist
18,5890,search
35,1370,search
24,2435,search
14,7718,search
34,1779,search
19,623,search
36,5781,wishlist
31,1551,search
4,3495,search
1,8420,wishlist
3,2964,wishlist
43,1383,search
18,1082,search
21,470,search
32,1721,search
16,1120,search
40,8364,search
44,2547,wishlist
8,1451,wishlist
40,9977,wishlist
9,8513,search
10,7207,wishlist
22,4937,wishlist
14,296,bid
46,596,search
6,7517,search
9,9954,wishlist
2,3467,wishlist
28,2964,search
3,9399,search
11,4448,search
48,7360,search
25,755,search
16,4450,search
22,7542,bid
37,462,wishlist
37,2937,wishlist
40,6154,wishlist
24,3913,wishlist
48,3287,search
9,6985,search
48,684,wishlist
16,5023,wishlist
2,5916,search
8,6805,search
20,8981,wishlist
7,9627,search
23,7430,search
34,1394,wishlist
15,4391,search
4,6476,wishlist
23,958,search
41,5537,search
13,3164,bid
47,3326,search
17,4251,wishlist
2,7444,wishlist
4,1107,search
49,6158,wishlist
17,7834,search
40,1171,search
10,336,bid
12,2383,wishlist
30,2796,search
7,5473,wishlist
33,1297,bid
47,9853,bid
38,4802,search
14,3563,wishlist
50,69,search
35,8335,search
29,36,bid
2,9273,bid
44,2605,search
31,6242,search
1,8884,search
27,2708,wishlist
9,5174,search
19,9768,search
23,6585,bid
30,416,search
5,845,search
41,2513,bid
28,8823,wishlist
33,1306,wishlist
11,2892,search
11,9992,wishlist
3,4529,search
41,4681,search
29,8417,search
12,5771,search
30,3320,wishlist
1,3144,search
13,1546,search
50,4886,wishlist
12,1664,wishlist
33,7107,search
38,7293,search
10,8255,search
27,6286,bid
19,2205,bid
49,1859,search
9,8922,search
30,100,search
50,1587,bid
45,8682,search
24,2487,search
4,6176,wishlist
42,610,search
2,2784,search
9,3484,search
30,6489,bid
4,768,search
20,5539,search
6,9164,search
35,8904,wishlist
41,6759,search
36,599,wishlist
1,7670,search
29,6510,search
50,8429,search
25,7976,search
16,6338,wishlist
23,9826,search
6,2880,search
18,1533,search
43,6314,search
29,8427,bid
31,3419,search
23,2302,search
21,4737,bid
12,5539,wishlist
11,9509,search
2,1809,search
42,450,search
21,7633,bid
29,7099,search
44,7108,search
41,2784,wishlist
5,2920,search
6,7922,search
33,7034,bid
42,7003,search
30,8120,search
22,6940,wishlist
5,4886,search
31,3697,search
1,1372,wishlist
7,9463,search
22,1614,search
41,1832,wishlist
33,8608,bid
11,8156,wishlist
43,7621,search
21,8576,wishlist
17,4396,search
29,4085,search
5,9597,wishlist
40,2251,search
8,5983,wishlist
46,9291,search
46,8001,wishlist
16,1373,search
19,9114,bid
26,5097,search
33,2105,bid
20,7810,search
3,5405,bid
8,9151,search
13,6282,wishlist
26,1339,search
43,9345,search
40,2314,search
24,2553,wishlist
9,5941,search
21,272,search
15,665,wishlist
7,6300,wishlist
41,8202,search
1,9080,search
27,6457,search
43,518,bid
49,2277,wishlist
10,6997,wishlist
3,8069,search
9,9893,search
6,1734,search
10,5743,wishlist
39,1479,search
21,4632,wishlist
38,3655,wishlist
36,8084,search
25,7874,search
29,5742,search
48,2492,search
30,2636,search
9,8616,search
18,693,search
23,6537,search
47,9857,wishlist
20,7380,search
17,1548,search
20,1220,search
9,7420,search
5,7933,search
49,7144,search
5,8386,search
1,4608,bid
43,4918,search
43,2482,search
4,7639,search
18,3026,wishlist
4,8716,search
6,3343,wishlist
48,2387,search
38,6159,wishlist
26,3202,search
28,382,search
41,6568,wishlist
17,5750,search
31,1096,search
50,7949,search
12,508,wishlist
39,4430,bid
6,8746,search
5,1202,wishlist
43,5302,search
48,8563,wishlist
40,3822,wishlist
20,8422,wishlist
17,2098,search
5,1735,search
34,3699,wishlist
1,9845,wishlist
15,9215,search
47,181,wishlist
43,7854,wishlist
45,5779,search
8,624,search
50,7418,bid
5,9171,search
47,4647,wishlist
46,4980,search
29,7602,search
3,6354,search
28,5323,search
39,2757,search
50,8862,search
4,491,bid
4,1617,bid
37,6437,wishlist
44,8613,wishlist
40,4499,search
1,2357,wishlist
15,8255,wishlist
49,3566,wishlist
47,2324,search
22,2389,search
12,6141,wishlist
37,6752,wishlist
28,3799,search
25,9240,search
3,3804,search
40,8497,wishlist
49,8787,search
47,4101,search
18,6703,bid
21,6873,search
43,2076,search
40,8506,wishlist
36,6559,search
40,3766,search
26,8904,search
1,5442,search
14,5752,search
30,7870,search
6,1079,bid
15,5731,search
22,4151,search
28,8507,bid
25,7573,search
39,4965,search
3,8830,wishlist
30,986,wishlist
27,3306,wishlist
24,9561,wishlist
46,8712,wishlist
45,3535,search
36,8517,search
37,5705,search
46,2693,search
41,3606,search
49,4106,bid
11,3876,search
28,8973,bid
13,2639,wishlist
8,7503,wishlist
19,7517,search
16,462,wishlist
8,7971,wishlist
30,730,search
45,559,search
38,195,search
2,6707,search
18,8086,search
3,7173,search
39,1384,search
7,5932,wishlist
46,2544,bid
37,957,wishlist
28,3197,search
20,8076,search
32,4112,search
17,6407,search
41,8139,search
21,1550,wishlist
23,3856,bid
25,5886,wishlist
13,6095,search
29,6054,search
13,4475,wishlist
46,3400,search
4,2606,search
9,7612,wishlist
41,3146,search
48,3066,wishlist
18,5366,bid
12,435,search
27,9916,search
6,8089,wishlist
40,2163,search
19,322,wishlist
40,3509,search
45,5973,wishlist
42,6894,wishlist
45,275,wishlist
27,341,search
11,4395,search
5,5022,wishlist
25,8489,bid
11,160,search
22,7263,bid
7,9008,search
21,7155,search
38,3570,wishlist
49,9243,search
11,3497,bid
50,5112,search
7,1325,wishlist
22,3745,search
5,3519,search
28,8516,search
13,8026,wishlist
30,2421,search
1,5665,wishlist
13,9002,wishlist
44,9801,search
48,5527,search
18,7341,bid
42,5339,wishlist
2,2651,search
41,3244,wishlist
4,3330,search
43,8516,wishlist
39,8876,wishlist
21,5127,bid
30,4755,wishlist
17,9117,wishlist
49,718,search
3,8182,wishlist
35,9785,wishlist
37,5964,bid
11,5934,search
43,6758,search
45,2324,search
34,9335,search
5,4741,search
5,987,search
32,4074,wishlist
1,9451,search
47,7704,search
23,4506,wishlist
7,7739,bid
29,7198,wishlist
25,4037,wishlist
45,3130,wishlist
8,9001,search
28,9578,search
29,2778,search
6,5822,wishlist
47,3565,wishlist
9,4706,bid
42,2478,search
4,8016,bid
15,6232,search
36,4868,search
36,8881,search
20,2464,search
1,9507,bid
42,275,wishlist
20,8492,search
27,2535,wishlist
44,6721,search
10,8431,bid
6,3201,search
30,7446,search
37,6249,search
30,1465,search
10,5404,search
20,6887,search
27,2749,search
15,6268,search
8,3718,wishlist
8,9680,search
30,106,search
25,5256,search
27,5148,search
36,3051,search
50,4273,search
42,6933,wishlist
37,8719,bid
5,8063,search
7,8447,bid
13,7618,search
12,2777,wishlist
28,8796,search
38,7770,wishlist
31,4725,wishlist
12,6350,search
45,7941,bid
4,915,search
13,5231,search
25,8980,wishlist
4,7956,search
12,2864,wishlist
17,9527,search
25,35,search
39,5034,search
43,10000,wishlist
43,1219,search
26,2893,wishlist
43,7172,wishlist
10,6675,search
23,1064,wishlist
2,4499,search
30,2207,search
28,3395,search
22,5306,wishlist
3,7125,search
8,9552,search
39,9528,search
17,2473,search
4,2837,search
25,8905,wishlist
34,2126,bid
21,8414,wishlist
26,6051,search
43,6124,wishlist
36,1336,search
34,8943,search
6,9745,search
5,481,wishlist
48,5537,search
29,8865,search
42,5176,search
50,7627,search
46,4483,bid
19,9102,search
31,5769,wishlist
37,2088,search
43,9824,wishlist
35,573,wishlist
47,6572,search
47,6547,bid
3,6653,search
44,1930,search
13,651,bid
23,7776,bid
31,2480,search
45,5611,search
1,4474,wishlist
11,503,search
13,1378,search
28,1213,search
6,7839,search
22,2820,search
40,7589,wishlist
27,3244,search
47,8746,bid
19,7993,search
44,8875,wishlist
17,335,search
50,442,wishlist
6,1163,wishlist
5,6223,bid
1,3387,wishlist
44,4247,wishlist
6,1093,wishlist
29,2795,search
8,7906,search
23,4539,search
18,5882,search
35,1774,search
34,9972,bid
23,8698,search
39,1087,search
17,2256,wishlist
17,7646,search
2,7349,search
23,9382,search
40,2251,wishlist
38,6374,wishlist
39,6209,search
14,1308,search
16,5670,search
14,2869,wishlist
18,936,wishlist
26,355,search
32,8374,search
29,4967,search
6,8470,search
50,3901,search
4,4028,wishlist
15,7602,search
33,7895,bid
15,6828,search
46,6891,wishlist
2,9725,wishlist
37,6752,search
3,4751,wishlist
2,4898,wishlist
2,3379,search
20,6240,search
43,9387,wishlist
21,7466,search
21,337,bid
3,7484,bid
11,6438,wishlist
23,8671,search
15,6380,search
21,5675,search
16,7180,search
49,8852,wishlist
41,8748,search
26,3431,search
36,355,search
18,8832,search
40,1709,search
39,5916,search
14,5108,search
20,4208,bid
48,3071,bid
31,4816,search
18,3387,search
47,4860,search
46,2503,search
8,179,search
47,2015,search
37,5510,search
34,7936,search
12,1429,wishlist
30,8455,search
34,6054,wishlist
46,6096,wishlist
28,4917,wishlist
33,9768,search
41,6800,search
35,7866,wishlist
16,2324,search
19,2751,search
22,5369,search
2,6737,search
40,6223,bid
36,9769,search
29,7869,wishlist
2,1308,search
18,4932,wishlist
30,9368,search
3,7462,search
26,8859,wishlist
10,9835,search
35,8760,search
31,483,wishlist
9,9026,search
24,192,wishlist
33,4207,bid
45,5179,search
12,9481,search
32,468,search
4,4289,wishlist
19,3007,search
23,2617,search
19,6968,wishlist
40,6295,search
40,1187,wishlist
47,716,search
37,2065,wishlist
44,336,wishlist
16,2517,wishlist
11,1601,search
24,9307,search
40,1397,wishlist
12,7455,wishlist
8,3627,wishlist
17,9492,search
5,6422,search
31,1327,wishlist
3,8296,search
11,9695,search
41,2106,search
28,8649,search
13,1398,bid
49,2273,search
49,6888,bid
34,199,search
11,9691,search
32,9887,search
9,4307,search
17,1489,search
6,9358,wishlist
21,5079,search
28,4269,wishlist
37,6558,bid
40,7453,search
23,1256,search
2,4645,search
9,7889,search
19,3815,search
49,8402,search
38,8886,search
47,4004,search
41,2453,search
38,530,search
47,9003,search
42,2780,wishlist
38,2354,search
30,1253,search
31,8184,wishlist
15,9029,search
29,3888,wishlist
8,5838,search
32,1681,search
31,107,search
33,9871,search
43,8890,wishlist
36,8755,wishlist
12,5999,search
2,1780,search
8,7104,wishlist
5,2416,bid
30,8393,search
19,3041,search
33,1549,search
21,464,search
21,734,wishlist
1,8496,wishlist
18,9352,search
47,8214,wishlist
9,2664,wishlist
7,6857,search
20,1216,wishlist
39,525,search
20,107,wishlist
17,2775,search
33,9213,wishlist
34,3410,search
31,3218,search
41,5899,search
33,6588,search
27,7774,search
9,9464,wishlist
2,244,search
29,4432,wishlist
47,1468,wishlist
50,8661,wishlist
7,9836,wishlist
15,5758,wishlist
39,9283,search
20,1073,search
26,2288,wishlist
31,6225,search
14,9560,search
11,9006,search
39,5194,search
5,9811,search
50,2268,search
1,3661,search
26,1599,bid
31,968,wishlist
44,9309,search
35,6327,wishlist
30,5316,wishlist
9,3727,wishlist
33,4686,wishlist
24,5563,wishlist
46,1037,search
14,97,wishlist
22,5574,wishlist
48,2926,search
43,1823,search
4,598,search
12,2605,search
11,7966,search
18,528,wishlist
19,666,search
5,3723,wishlist
47,2377,search
35,582,search
7,4757,search
15,4495,search
3,6088,search
48,9923,wishlist
42,6476,wishlist
45,7028,search
30,637,search
18,3828,wishlist
40,559,search
19,1447,bid
40,9128,wishlist
13,325,search
31,1291,wishlist
19,5461,search
14,6180,wishlist
12,5587,search
38,5761,search
16,5824,search
13,4409,bid
41,856,wishlist
26,3672,search
42,6523,search
30,9321,bid
22,4359,search
4,3215,search
41,1763,wishlist
31,4973,bid
43,2348,wishlist
24,5402,search
40,955,search
17,7998,search
6,838,wishlist
19,4104,bid
50,4,wishlist
3,8011,search
14,365,search
40,9455,bid
48,407,search
46,8545,search
46,7690,wishlist
27,3128,search
25,4847,wishlist
41,7197,search
48,9056,search
36,1831,search
48,2012,wishlist
18,9166,search
17,6261,search
29,4095,search
4,5575,search
5,8974,wishlist
46,5491,search
31,573,search
50,586,search
4,7980,wishlist
44,6512,search
44,9461,wishlist
42,8924,wishlist
8,5658,wishlist
46,2870,search
43,5684,search
19,3843,search
48,4490,bid
41,6437,wishlist
43,7083,wishlist
11,6207,search
49,2577,search
2,7743,search
45,8577,wishlist
20,8673,search
3,5654,search
32,3105,search
15,3280,wishlist
46,5351,wishlist
32,7333,search
27,7502,search
13,5186,search
18,682,bid
38,4561,bid
21,3054,search
48,3045,search
35,7526,wishlist
27,1207,search
14,5784,search
11,1177,search
4,279,search
46,8179,wishlist
31,9168,search
31,3454,search
50,7986,search
5,3070,wishlist
8,3669,wishlist
25,7850,search
50,8900,search
28,1130,search
46,707,search
25,6263,wishlist
30,6952,search
43,9856,search
3,7197,wishlist
24,8053,search
14,5895,search
26,7413,search
6,9604,search
50,7638,search
8,9418,wishlist
31,5789,wishlist
38,6000,wishlist
30,3268,search
30,9968,wishlist
5,6886,search
19,4895,wishlist
38,3624,search
17,9797,wishlist
39,9716,search
15,6042,search
49,1393,search
23,6730,wishlist
1,3480,wishlist
11,1048,search
45,473,wishlist
21,8075,wishlist
38,2528,search
22,2244,wishlist
50,8356,wishlist
39,5651,bid
6,5101,search
29,4105,search
15,8165,search
32,1020,search
7,1581,search
17,8273,search
2,9209,wishlist
40,5200,wishlist
17,1154,search
36,676,wishlist
11,3277,search
44,6377,search
4,8637,bid
48,1602,search
24,4634,wishlist
30,7032,wishlist
16,3421,wishlist
32,4749,wishlist
49,7658,bid
11,7380,search
3,9477,wishlist
46,7785,bid
14,6547,search
25,678,search
22,5684,search
32,8651,wishlist
49,4922,wishlist
46,1697,search
27,1122,bid
30,6667,search
4,8848,search
4,896,search
1,9925,wishlist
24,1594,search
18,4989,search
24,8874,bid
30,1304,bid
39,4769,search
9,1498,search
35,9636,search
9,5022,search
12,1517,search
17,8095,search
36,9872,search
17,8546,search
45,7911,search
26,5117,bid
1,2567,search
14,8286,search
38,9016,search
19,4085,wishlist
27,4362,search
38,4548,search
6,9927,search
23,401,search
25,5875,search
25,9637,wishlist
43,6186,wishlist
40,8388,search
42,8323,wishlist
31,5309,search
35,6181,bid
19,7954,wishlist
7,7676,wishlist
45,3365,wishlist
43,7082,search
15,6248,search
45,9482,search
16,7742,wishlist
8,6836,search
40,2043,wishlist
15,5511,search
39,3769,bid
31,4680,search
15,5670,wishlist
4,8616,wishlist
50,3,search
48,6698,search
40,5332,search
49,2848,search
15,7901,wishlist
2,7122,wishlist
35,5567,search
44,39,search
18,5384,search
1,8485,search
9,5508,search
28,4653,wishlist
12,9828,wishlist
36,2792,search
5,780,search
11,1309,search
16,1982,bid
7,2087,wishlist
22,9342,search
5,4567,wishlist
10,9909,bid
27,7901,search
12,6583,wishlist
19,3233,wishlist
6,1357,search
44,4816,search
34,7084,wishlist
46,2581,search
46,2284,bid
44,6584,wishlist
6,7227,wishlist
43,1431,bid
46,8962,search
11,8957,search
6,4281,bid
33,4667,search
10,2412,wishlist
26,8528,search
6,4168,search
34,8945,search
31,7173,search
41,6289,search
7,3244,search
48,5940,search
33,1965,bid
50,886,search
28,7270,search
17,3651,search
41,8288,wishlist
8,3917,search
16,9950,wishlist
20,2021,search
7,2531,search
2,9720,wishlist
7,4103,search
40,1871,wishlist
47,5974,search
8,8483,search
10,5524,search
12,9097,bid
23,3641,bid
2,5287,search
43,1062,search
27,6930,search
39,3090,search
31,8954,bid
39,9625,search
24,3926,search
41,1330,wishlist
22,2316,search
4,1364,search
28,4707,wishlist
33,793,wishlist
37,2868,search
5,5379,bid
3,5939,wishlist
45,8388,search
28,5147,wishlist
26,4044,search
42,1739,bid
34,3859,search
23,7900,search
43,8303,search
50,2383,wishlist
36,7109,search
49,4459,search
28,8250,wishlist
27,6887,search
7,4151,wishlist
14,287,search
47,7339,bid
37,1030,search
18,3729,search
9,1955,wishlist
11,7855,search
42,2337,search
11,8546,search
45,3516,search
18,5706,wishlist
38,5794,wishlist
49,1380,bid
21,6703,search
36,1957,wishlist
5,6611,search
12,5852,search
21,5515,search
25,1085,wishlist
32,2042,search
50,2531,search
41,1930,search
46,7124,wishlist
48,8961,search
38,3849,bid
3,8864,search
27,1537,wishlist
27,7278,wishlist
28,9781,wishlist
6,4953,search
23,898,search
6,3441,search
37,3277,search
25,2546,search
47,1426,wishlist
13,7498,search
22,3664,search
47,1627,wishlist
14,7050,search
37,174,search
1,759,search
26,4086,bid
20,9402,search
50,9526,search
35,6872,search
4,3469,search
6,6823,search
6,3014,search
33,8236,search
44,5305,wishlist
5,5675,search
36,1845,search
45,9660,search
28,2127,wishlist
45,3133,search
41,8793,search
40,16,search
34,6877,bid
16,3248,search
44,3576,wishlist
48,1889,wishlist
10,355,wishlist
46,3767,wishlist
47,5129,bid
50,888,search
12,9397,wishlist
8,5377,wishlist
15,4005,wishlist
7,1882,search
39,7442,search
32,114,wishlist
43,3024,wishlist
28,3715,search
11,5090,search
47,1762,bid
44,219,search
31,8021,bid
32,7902,bid
22,9950,search
26,2258,search
50,5189,search
3,2047,search
8,7458,search
34,1724,search
14,3980,search
9,9638,wishlist
40,1141,search
14,7620,wishlist
13,10000,search
18,1418,wishlist
49,1021,wishlist
35,3852,search
13,3178,search
41,2260,wishlist
31,7144,wishlist
13,7324,wishlist
33,2439,wishlist
3,9543,search
24,7356,search
21,6848,wishlist
44,1066,search
48,4464,wishlist
21,2095,search
20,7288,search
18,452,wishlist
46,8082,search
6,8001,search
46,922,search
25,9028,search
20,7139,wishlist
49,5279,search
44,7701,wishlist
4,7335,search
2,5480,search
46,391,search
9,2972,bid
31,7092,bid
11,9972,search
9,800,wishlist
35,7043,search
47,7488,search
39,1372,wishlist
38,6743,wishlist
21,2018,wishlist
7,2210,wishlist
29,2293,search
46,4060,search
34,9115,wishlist
36,405,wishlist
43,7249,search
30,3271,search
30,6537,search
9,8037,search
31,4807,bid
41,8186,wishlist
46,450,wishlist
24,2059,wishlist
15,5650,wishlist
35,1883,search
5,7526,search
33,1792,search
9,6851,search
32,2427,wishlist
3,3077,search
39,28,search
39,5890,search
25,5467,search
28,9757,wishlist
46,6851,wishlist
22,646,search
30,1977,search
26,5715,bid
20,2974,search
9,6837,wishlist
14,428,search
6,285,wishlist
15,2622,search
11,3635,search
17,565,search
16,8986,search
7,2097,search
40,7365,wishlist
37,3549,search
49,1846,search
2,411,search
17,2716,search
17,303,search
29,9814,search
11,5738,bid
10,9983,wishlist
23,6529,wishlist
9,5341,search
25,2500,wishlist
50,431,search
50,2830,wishlist
27,7133,bid
23,8308,wishlist
32,7594,wishlist
46,7323,wishlist
19,6918,wishlist
10,7633,search
8,5260,wishlist
38,6909,search
45,6758,search
30,4001,bid
22,2523,wishlist
37,2080,wishlist
25,4254,search
44,7311,wishlist
48,748,search
39,616,search
37,9606,search
46,1432,wishlist
36,9609,wishlist
13,8026,search
45,5849,search
45,6781,wishlist
46,7257,wishlist
38,1455,search
19,319,wishlist
14,6948,search
16,7115,search
41,452,search
21,6293,bid
48,6512,wishlist
8,934,search
16,2234,wishlist
29,3254,search
20,8391,search
46,5457,bid
12,8771,bid
10,8475,search
46,3948,search
4,7960,search
7,9525,search
10,3977,search
21,6284,search
36,2426,wishlist
39,4066,search
26,5089,wishlist
37,9542,search
13,574,wishlist
23,1481,search
16,887,search
42,7826,wishlist
45,2427,search
4,9630,wishlist
2,3262,wishlist
3,6272,search
8,7372,search
25,8910,search
11,864,search
49,5892,wishlist
30,1050,wishlist
1,7218,search
25,8356,wishlist
25,6342,search
42,1234,search
46,8673,search
14,6700,search
16,4959,search
50,3939,search
12,8185,wishlist
31,2560,search
36,3516,search
14,3845,search
28,9562,wishlist
10,3213,search
3,471,wishlist
7,3788,search
23,2374,search
17,2800,wishlist
5,4687,wishlist
41,5329,wishlist
42,2199,wishlist
7,8227,search
2,7059,search
36,127,wishlist
17,356,bid
16,2052,search
42,2132,wishlist
26,3746,wishlist
26,9630,wishlist
1,8139,search
34,8120,search
33,3426,wishlist
46,3499,wishlist
5,9547,wishlist
36,6691,search
35,4183,search
34,3539,bid
39,8379,search
8,270,search
5,7416,search
4,2810,search
28,144,bid
18,2493,bid
11,220,wishlist
49,2410,bid
19,7724,bid
50,4814,search
45,6672,search
28,9835,wishlist
42,7699,wishlist
47,7348,search
39,6820,search
30,5971,wishlist
20,7827,wishlist
3,5726,search
37,4528,search
26,4905,search
8,5675,wishlist
31,358,bid
15,7880,search
2,9605,search
48,7833,wishlist
49,8492,wishlist
44,4954,search
15,2925,wishlist
32,126,search
1,6423,search
33,471,wishlist
22,1484,wishlist
36,7806,search
24,8985,wishlist
3,8910,search
22,5473,search
42,6607,wishlist
14,1661,search
5,6344,wishlist
23,8972,bid
43,4708,bid
41,2415,wishlist
3,8841,search
48,9571,wishlist
2,3500,search
9,7999,search
38,629,search
9,1153,search
49,594,search
32,4974,wishlist
16,7455,search
47,5832,wishlist
3,7333,wishlist
8,4166,search
28,268,search
2,6687,search
45,282,search
35,9924,search
28,1536,search
17,3490,search
1,807,wishlist
36,7516,search
47,8648,search
24,317,wishlist
40,9537,wishlist
40,5469,bid
25,773,bid
41,6056,search
34,606,search
42,394,search
31,114,search
50,8129,bid
2,281,wishlist
8,4680,wishlist
18,456,bid
42,738,search
43,7046,search
42,8792,wishlist
2,3392,search
47,7430,wishlist
8,6046,search
31,9369,search
12,6424,bid
26,6396,bid
35,1328,wishlist
11,125,wishlist
34,8760,wishlist
38,2616,search
22,5538,search
24,9447,wishlist
34,1662,wishlist
43,5398,wishlist
26,2510,search
28,9563,search
46,3669,wishlist
1,7249,search
23,8951,wishlist
2,280,wishlist
26,7793,search
22,6230,search
8,5632,search
25,2935,search
44,5641,wishlist
24,9212,search
14,2694,wishlist
17,7324,search
30,7481,wishlist
20,6011,search
36,175,search
7,9233,search
31,8385,search
36,592,bid
40,2067,search
5,8005,search
18,9291,bid
33,4599,wishlist
37,4200,search
48,4199,wishlist
15,122,search
21,4581,bid
48,7173,search
19,1643,search
43,6402,search
25,6186,wishlist
9,2411,search
10,7738,search
48,8899,search
40,4210,wishlist
45,9102,search
44,1096,wishlist
28,123,wishlist
40,5789,wishlist
40,2618,wishlist
19,1996,search
18,6506,search
37,5997,search
48,7832,search
25,6468,bid
22,1645,search
11,53,search
4,5485,search
13,8748,search
39,1891,wishlist
47,3652,search
43,5715,search
15,914,wishlist
6,7387,search
31,9740,search
31,9124,search
24,4318,search
14,8975,wishlist
23,6053,search
1,137,wishlist
38,4184,wishlist
34,4941,search
1,9609,search
43,1281,search
23,5861,wishlist
41,219,search
26,3350,bid
6,4714,search
22,5918,bid
35,5811,wishlist
14,3420,wishlist
8,1348,wishlist
26,7029,wishlist
27,2294,wishlist
45,8424,search
8,1234,search
28,470,search
16,6756,search
28,4811,bid
48,3624,search
19,1605,bid
12,2248,bid
19,6043,search
43,1272,search
16,3992,search
44,3672,wishlist
28,9610,wishlist
39,4907,search
46,3074,bid
12,9835,search
14,7754,search
27,8706,wishlist
47,7605,search
36,8529,wishlist
50,9174,search
3,7303,search
25,2376,search
32,7954,search
45,7072,search
47,4105,search
42,6228,search
15,2482,search
17,9285,bid
25,9688,search
1,6319,wishlist
29,7687,search
43,8575,wishlist
1,9795,search
8,6619,search
48,790,wishlist
1,3685,search
3,2694,search
47,8165,wishlist
38,2437,wishlist
33,8480,wishlist
9,8483,search
5,961,search
41,5928,wishlist
4,6305,wishlist
36,5542,search
2,3481,search
10,4228,search
7,2514,search
43,7015,search
39,3315,wishlist
17,8637,wishlist
12,9551,search
16,3042,wishlist
11,3332,wishlist
38,9860,wishlist
32,3388,search
17,9031,search
37,79,search
36,7288,search
41,9661,search
11,3199,wishlist
28,8200,wishlist
36,4949,search
40,5721,bid
22,3030,wishlist
3,7438,wishlist
38,8320,search
42,6377,search
47,2934,wishlist
39,8305,search
36,4660,search
15,1181,wishlist
50,2660,search
4,9312,search
16,2281,wishlist
38,7564,wishlist
18,2441,search
40,1773,wishlist
43,9924,search
8,9419,search
4,2568,search
34,7271,search
26,7839,search
17,4337,search
23,7212,wishlist
21,7148,search
4,260,wishlist
14,9437,wishlist
39,4589,search
42,5640,search
25,1848,search
10,4757,search
43,9100,wishlist
17,378,wishlist
25,4710,search
9,6933,wishlist
20,4162,wishlist
23,9162,search
40,8701,search
21,3656,wishlist
41,6024,bid
18,5984,search
14,9055,search
43,9621,wishlist
44,887,search
31,2390,search
41,418,search
9,7731,search
45,8643,bid
25,972,search
35,5083,wishlist
42,9816,wishlist
28,5649,wishlist
4,9531,search
29,2418,search
30,5753,wishlist
3,5441,bid
33,594,search
34,3489,wishlist
32,600,search
40,6840,bid
4,3867,wishlist
33,1371,wishlist
22,1339,wishlist
18,9158,bid
3,1368,wishlist
22,8235,search
15,5581,search
37,1896,search
42,2895,search
38,4397,search
7,1725,bid
15,7594,search
8,2217,wishlist
48,719,search
14,7510,bid
12,4559,search
37,7304,search
39,4681,wishlist
14,9836,search
27,293,search
7,8377,wishlist
27,3231,search
46,635,search
13,7704,bid
19,1931,wishlist
2,2423,search
26,3961,search
32,1787,bid
40,3983,search
17,4940,bid
18,6801,bid
43,5395,search
50,2033,wishlist
14,7871,wishlist
21,2068,wishlist
17,7724,wishlist
11,6652,wishlist
3,2632,search
31,7586,search
5,968,search
17,6499,wishlist
22,6557,wishlist
10,2562,search
9,8222,wishlist
46,2510,search
20,3467,search
32,6075,wishlist
12,5703,wishlist
15,9578,search
28,2778,wishlist
31,8452,search
8,3985,search
30,7365,search
27,7463,wishlist
2,3009,search
44,7036,search
18,4163,search
31,6282,search
42,4245,search
20,8810,search
14,7220,search
12,1964,wishlist
3,4927,search
28,5097,search
17,2965,search
5,5026,wishlist
49,3230,wishlist
26,1500,search
3,5302,search
47,6071,bid
8,8790,search
7,6903,wishlist
21,2948,search
11,2697,wishlist
13,8021,search
32,3968,wishlist
2,4314,search
31,3721,wishlist
19,1524,search
13,3929,wishlist
37,3655,search
43,7790,search
34,2007,wishlist
26,6335,bid
4,1407,search
45,104,search
10,2791,search
35,4251,search
26,2976,wishlist
8,86,search
40,5033,search
19,6768,search
25,3310,search
5,2420,bid
13,2121,search
3,6831,bid
29,71,search
22,2422,search
19,8856,search
28,3767,search
22,726,wishlist
11,5942,search
31,3462,search
24,6937,search
15,7564,search
36,1727,search
33,598,search
20,4745,wishlist
31,5670,wishlist
3,6764,search
49,3725,bid
6,374,wishlist
44,4711,wishlist
35,2405,wishlist
50,7707,search
21,6219,bid
12,1240,search
21,8927,wishlist
41,3695,search
20,7322,bid
1,8756,search
1,6342,search
40,4683,search
43,4458,search
11,9091,search
22,4284,search
2,3514,search
24,6521,search
8,5025,bid
9,2008,bid
40,4113,wishlist
45,799,bid
26,4381,search
2,8724,wishlist
28,2371,wishlist
19,9539,search
45,6711,search
24,4072,search
28,6409,search
15,1708,search
13,1401,search
33,5709,wishlist
32,4040,search
8,3832,search
34,3811,search
7,1261,search
17,8380,wishlist
7,8278,wishlist
2,2525,search
26,3893,bid
21,8943,bid
24,2377,search
50,9968,search
42,454,wishlist
9,9558,search
26,442,wishlist
10,6624,wishlist
23,3367,search
14,4041,search
46,2858,search
28,2609,search
18,4073,search
16,9909,wishlist
49,6423,wishlist
6,4958,wishlist
14,8759,bid
40,2220,search
11,2771,bid
18,5578,search
15,8482,search
33,4695,bid
12,2031,search
22,7446,wishlist
33,1100,search
50,7188,search
47,3627,wishlist
34,3566,search
15,7009,search
39,6624,search
16,7727,search
28,351,wishlist
43,334,search
17,624,bid
1,1686,search
30,6385,wishlist
2,9966,search
12,6759,wishlist
6,6547,bid
41,4365,search
36,1520,bid
2,4545,search
20,8856,bid
41,9191,search
47,4657,bid
42,2439,wishlist
7,2619,bid
16,5871,search
9,7843,bid
8,4340,search
42,9382,search
15,9765,search
34,5559,search
48,6086,search
26,4765,search
39,3870,wishlist
38,720,wishlist
46,608,search
42,2264,wishlist
11,9359,wishlist
45,846,search
26,5273,search
30,1780,search
41,1111,search
11,9648,wishlist
35,5818,wishlist
30,1740,wishlist
30,3546,search
24,463,search
41,9755,search
8,2379,search
18,2378,search
13,8561,bid
4,4798,search
41,6413,wishlist
30,4030,search
40,6999,wishlist
38,4484,search
39,3064,search
1,558,search
13,3315,search
23,8797,search
10,950,bid
48,9776,search
27,2329,wishlist
34,9719,search
26,803,wishlist
50,5413,search
8,9820,wishlist
5,756,search
29,8389,wishlist
36,3205,search
19,5639,search
21,879,wishlist
11,5305,search
43,8119,wishlist
28,2352,search
31,5852,bid
5,1874,search
28,2827,wishlist
19,6159,search
38,9985,search
20,8452,search
31,9684,wishlist
34,2450,wishlist
12,1184,wishlist
20,6706,wishlist
43,7311,wishlist
30,1882,wishlist
11,548,search
33,9517,wishlist
14,1046,search
29,2046,search
48,9194,wishlist
24,2209,wishlist
13,5786,search
45,412,wishlist
10,4849,search
33,7655,bid
2,8297,search
14,7208,search
14,7818,search
44,3585,search
5,5522,search
11,7266,search
36,2453,wishlist
11,4598,search
36,8125,search
24,8348,search
4,179,search
31,2413,bid
18,3590,search
18,235,search
19,9400,wishlist
20,7321,wishlist
47,2351,wishlist
36,8516,search
3,1202,search
20,9985,bid
27,9343,bid
5,5513,search
44,8764,search
3,1509,search
26,1141,search
14,7718,search
14,6779,wishlist
38,6559,wishlist
27,9580,search
47,8997,bid
25,4998,search
29,3698,wishlist
37,9153,search
5,1677,search
37,4499,search
46,1381,search
7,1754,search
17,9311,search
30,6533,search
39,9971,wishlist
2,5780,bid
31,5335,search
3,1858,search
31,7341,wishlist
24,7674,search
22,422,search
8,9383,search
36,3384,search
43,939,search
24,4695,search
14,9192,bid
6,9095,search
24,5904,search
33,9475,search
10,3337,wishlist
41,3316,search
30,3763,wishlist
49,5349,search
37,5491,wishlist
50,8043,search
35,2862,wishlist
27,5677,wishlist
48,2465,search
47,1380,search
22,6428,search
31,642,wishlist
17,3619,search
39,8187,search
11,6877,search
23,4759,search
20,5235,bid
40,8453,search
41,7692,wishlist
6,3947,search
32,3442,wishlist
16,2836,search
46,172,search
31,2175,bid
40,7753,search
49,4661,bid
6,7672,bid
10,6331,search
49,395,search
8,3245,search
25,2677,wishlist
21,4463,search
47,6100,search
50,2312,search
7,5787,search
19,568,search
13,2147,wishlist
13,4763,search
36,4805,search
47,1155,search
2,4004,wishlist
27,2718,bid
12,5397,wishlist
1,3662,wishlist
27,633,wishlist
40,8060,search
29,2249,search
37,4320,bid
7,8968,search
26,8467,bid
50,5254,search
41,9535,wishlist
49,974,wishlist
18,7349,wishlist
41,9381,wishlist
6,6099,search
11,7535,search
27,3376,wishlist
8,4650,search
2,9965,bid
24,530,bid
4,4792,search
29,1474,search
43,2366,search
38,6738,wishlist
18,4220,wishlist
21,216,search
49,7674,bid
50,8835,bid
29,968,wishlist
28,2231,wishlist
25,611,search
24,9496,search
3,1586,search
38,8228,search
30,5761,search
13,4525,bid
36,2420,wishlist
18,3698,bid
7,778,wishlist
16,9160,search
18,3228,search
42,142,search
39,5987,search
24,329,wishlist
37,6435,search
23,761,search
47,2354,wishlist
18,1568,wishlist
47,7392,search
13,5057,wishlist
9,7389,search
29,2960,search
34,9117,search
1,1193,bid
38,3850,search
9,2794,wishlist
12,3480,wishlist
16,2088,search
24,1900,search
5,7176,search
2,8790,search
2,7390,search
2,8812,search
39,4969,search
8,8325,wishlist
1,7693,wishlist
15,6516,search
40,8257,wishlist
21,4102,wishlist
13,7852,bid
22,3678,wishlist
19,3658,wishlist
44,6862,bid
5,2208,wishlist
14,9605,search
27,4508,search
4,625,search
50,5135,search
39,6831,wishlist
50,6669,wishlist
2,1860,search
26,1046,search
5,186,search
19,3522,search
45,2948,search
40,3220,wishlist
8,9099,search
17,7716,wishlist
37,953,search
15,4433,wishlist
7,5421,bid
3,4043,search
34,6230,wishlist
50,7460,search
5,1891,search
25,191,search
17,5317,search
22,4668,wishlist
20,5307,search
33,7687,wishlist
47,1992,search
22,7345,bid
7,5727,wishlist
37,3212,bid
18,6826,wishlist
18,6134,search
41,4226,search
19,8047,wishlist
39,422,wishlist
19,4858,search
31,7815,search
22,2185,search
13,4817,search
6,8349,search
37,5735,search
49,6890,search
18,3111,search
10,6037,search
45,6981,wishlist
10,6622,wishlist
5,5682,wishlist
45,1820,bid
5,6849,wishlist
5,458,search
27,1375,bid
34,549,search
10,3139,wishlist
38,4294,wishlist
11,3529,search
47,268,search
10,8259,bid
47,7710,search
27,9326,search
9,8064,search
9,3420,bid
24,379,search
45,1396,search
2,7802,search
46,59,search
3,7985,search
39,9137,wishlist
31,6199,search
23,6025,bid
13,4044,bid
30,9206,wishlist
42,1447,wishlist
19,6733,wishlist
20,9037,search
25,8045,wishlist
5,2421,bid
15,289,search
44,9700,search
27,1926,bid
37,6335,wishlist
17,6595,wishlist
14,5519,search
8,4887,bid
37,6052,bid
45,6893,bid
24,6154,wishlist
11,5603,search
42,5316,search
5,7447,wishlist
35,2330,search
4,6364,search
2,4211,bid
9,478,search
19,9941,search
34,851,search
22,4005,search
20,3900,search
45,662,search
42,3222,wishlist
22,7946,search
28,2630,search
36,7809,search
33,8591,wishlist
45,9591,search
31,6447,search
31,2331,search
17,8857,wishlist
26,2638,search
32,8361,wishlist
32,1533,wishlist
48,6999,wishlist
29,4450,bid
25,7084,bid
50,7545,wishlist
16,6976,wishlist
21,6836,wishlist
41,4803,wishlist
21,8054,search
3,8538,wishlist
8,3760,search
25,2609,wishlist
4,838,wishlist
16,6501,search
33,108,bid
2,8476,wishlist
25,3406,wishlist
1,1255,search
49,9498,search
8,7845,search
24,3403,bid
38,9053,bid
49,8144,bid
46,521,bid
26,3135,search
13,8047,wishlist
12,5527,search
4,2090,search
29,7335,search
42,9047,search
8,2370,wishlist
31,1164,search
39,1516,wishlist
15,1561,search
38,7155,search
28,1634,search
12,4230,wishlist
20,6783,search
16,2113,search
6,2396,search
5,8317,bid
31,9774,search
26,462,search
44,4997,bid
18,9769,search
5,4998,search
16,6782,wishlist
3,1497,search
24,8250,search
5,1507,search
19,9486,search
26,3075,bid
21,3865,search
45,1929,search
50,8374,wishlist
33,5328,wishlist
46,2379,wishlist
32,8301,wishlist
49,870,search
41,9778,search
28,5857,search
10,6778,search
8,7084,search
15,5413,search
47,1749,search
10,6395,search
11,1725,search
46,8597,search
15,7620,search
35,2389,search
43,4419,search
3,6260,search
22,9794,search
28,4737,search
38,3280,search
14,2276,wishlist
13,1983,search
40,8954,search
38,5787,wishlist
46,1101,bid
44,8625,wishlist
48,5459,wishlist
24,8939,search
12,816,search
42,5889,bid
20,3910,wishlist
38,6264,wishlist
29,5008,wishlist
46,4816,search
18,1424,wishlist
26,9570,search
37,1295,search
31,8895,wishlist
34,5831,search
33,8757,search
38,941,wishlist
25,7310,wishlist
25,7686,bid
27,1364,search
28,3834,bid
46,2302,wishlist
43,9801,search
27,7665,bid
22,6131,wishlist
20,2435,wishlist
33,3768,wishlist
33,7393,wishlist
44,1455,wishlist
38,9071,search
31,8557,search
37,4085,search
11,3149,wishlist
3,133,search
15,4958,wishlist
7,3963,search
46,9571,search
12,2712,wishlist
39,5052,search
5,8752,wishlist
33,7830,search
38,4707,search
48,2049,search
25,1391,search
8,6408,search
33,790,bid
40,4354,wishlist
20,9347,wishlist
30,4575,search
42,4509,search
26,6450,bid
23,9741,bid
32,5617,search
29,733,bid
16,9042,wishlist
2,2268,wishlist
3,2325,search
19,7622,search
12,2835,bid
47,8131,search
49,6909,bid
17,5609,search
7,5818,wishlist
38,8240,search
49,8646,wishlist
45,8537,wishlist
42,7682,search
45,2354,search
10,4137,wishlist
33,3273,search
30,2614,wishlist
6,715,search
41,6348,wishlist
14,9470,wishlist
27,4119,bid
8,6865,search
17,8905,search
30,1248,bid
48,2637,search
7,4672,bid
21,3557,search
13,1274,bid
31,4628,search
9,516,search
22,4352,bid
7,9197,wishlist
42,3728,wishlist
5,7533,bid
9,4222,wishlist
20,4037,search
14,562,search
25,3878,wishlist
25,765,search
3,9746,search
43,2380,search
17,4936,search
5,9860,wishlist
5,6637,wishlist
2,7518,wishlist
26,5580,search
3,6436,search
41,6292,search
21,6139,bid
26,5364,search
34,7253,search
15,1363,search
10,5979,bid
34,9862,search
26,4156,search
41,2777,search
43,719,search
36,10000,search
47,2131,search
13,9779,wishlist
16,1103,wishlist
6,2186,search
5,5031,search
42,9212,search
16,192,wishlist
19,5228,search
22,3305,search
23,6991,bid
40,4676,search
15,6595,wishlist
26,3926,search
9,9628,search
49,2851,search
15,658,wishlist
48,6496,wishlist
25,673,wishlist
23,1138,search
34,2778,wishlist
47,3185,search
34,2057,search
46,3489,search
27,776,search
49,4987,search
5,3179,search
20,9186,search
11,6161,search
31,4462,wishlist
46,2286,wishlist
21,5894,search
32,5815,search
5,4175,wishlist
22,3738,search
11,7512,bid
32,1112,search
12,1407,search
27,6010,search
46,6520,search
42,9797,wishlist
5,4613,wishlist
35,9922,search
16,9772,bid
29,3620,wishlist
16,8764,search
11,7044,bid
28,7459,search
47,8169,search
14,9430,search
23,417,wishlist
41,2260,search
42,5083,search
2,8839,search
12,3557,wishlist
25,6067,search
39,6790,wishlist
24,6841,wishlist
28,8893,search
6,6388,search
42,2401,search
30,7099,wishlist
3,3136,search
45,4314,search
30,6308,search
8,4109,search
30,5898,search
8,39,search
23,207,wishlist
18,1410,wishlist
46,6387,search
20,2716,search
32,5610,search
20,8343,wishlist
6,6937,search
28,380,search
7,6038,search
3,9637,wishlist
38,228,wishlist
11,8683,search
29,612,search
20,8211,bid
18,264,search
34,6566,search
3,7070,wishlist
22,1369,search
18,2178,search
4,9920,bid
5,6642,search
10,3014,search
38,2519,search
27,1208,search
40,1094,search
39,1804,bid
11,5734,wishlist
48,3734,search
28,4591,search
13,6243,search
8,4533,search
1,3036,search
31,3149,bid
47,7525,wishlist
26,298,search
10,3500,search
42,3258,search
9,5949,wishlist
41,5144,search
32,5895,search
7,8991,wishlist
13,4069,search
48,6208,wishlist
29,4097,search
13,656,wishlist
30,3536,wishlist
28,9698,search
47,589,search
29,4805,search
28,6412,bid
15,7442,bid
47,632,wishlist
17,9194,wishlist
44,5562,search
36,62,search
24,4110,search
8,4782,search
36,2748,search
2,7948,wishlist
19,5026,bid
40,6716,wishlist
28,9715,search
31,1096,wishlist
37,7620,bid
14,8205,search
5,849,search
45,6002,search
32,3826,wishlist
1,9617,wishlist
49,2044,bid
25,8256,wishlist
48,2124,search
18,8650,search
15,9255,search
44,3455,wishlist
42,4316,wishlist
23,6243,wishlist
17,2207,search
20,6791,search
16,6473,search
24,9436,bid
1,5680,bid
38,9889,wishlist
10,2300,search
46,7827,search
29,7537,search
21,393,wishlist
6,9914,wishlist
24,8455,wishlist
7,2856,search
18,7518,search
12,828,search
48,1496,bid
17,6332,search
43,1837,search
27,9695,search
30,9914,bid
32,692,search
16,2799,search
9,1957,search
50,8700,wishlist
29,8532,search
8,9427,bid
17,1080,wishlist
48,9461,wishlist
27,4769,wishlist
44,4178,wishlist
28,4790,search
31,6305,search
37,937,search
34,7019,search
34,999,search
5,7964,wishlist
23,803,wishlist
44,9975,search
12,3874,search
37,6439,search
27,6817,search
31,4524,bid
33,2811,search
19,2861,wishlist
35,3416,search
49,7351,search
22,1040,wishlist
30,2125,search
18,7299,search
37,809,wishlist
16,8907,wishlist
8,2876,wishlist
32,4081,wishlist
11,8059,search
15,1318,search
24,6757,bid
13,9744,wishlist
46,1107,wishlist
36,49,wishlist
35,3480,wishlist
46,7916,wishlist
44,4145,search
29,3667,wishlist
49,3955,wishlist
44,7374,search
48,1297,search
44,9827,wishlist
19,7299,wishlist
21,9278,search
31,3628,search
41,3335,search
29,5390,search
3,2172,wishlist
47,3960,wishlist
45,5466,wishlist
22,376,bid
12,6902,wishlist
29,8698,wishlist
2,9357,wishlist
36,7129,search
16,6368,search
10,876,search
1,3234,wishlist
29,6345,search
10,7039,wishlist
49,7985,search
22,8329,search
15,1381,search
31,4552,wishlist
16,6192,search
15,499,search
2,6183,wishlist
50,8156,search
23,4041,search
38,6503,search
12,6857,search
11,6138,wishlist
50,4564,search
27,1069,search
30,2478,wishlist
47,2209,wishlist
26,7504,wishlist
38,3785,bid
33,4249,search
39,300,search
47,6044,bid
32,2826,search
39,5500,search
1,3571,bid
31,4358,wishlist
6,3215,wishlist
18,9492,search
26,5503,search
43,8826,bid
26,7768,search
22,2730,search
33,3467,search
37,3379,search
18,4669,search
42,4190,search
22,6663,search
16,7358,search
23,3501,search
13,7734,wishlist
41,7778,search
38,7380,bid
35,338,search
8,8767,search
47,167,search
16,4709,search
3,8933,wishlist
11,3586,wishlist
15,953,search
30,2379,search
26,2722,search
42,905,search
47,6230,wishlist
39,6672,wishlist
22,1882,bid
14,2275,search
38,9489,search
43,1428,search
32,920,search
32,2839,search
43,1874,search
49,9626,search
17,2206,wishlist
39,5813,search
20,3677,search
42,8874,search
45,1125,search
14,3143,search
26,2947,search
11,8677,wishlist
31,1943,search
29,9159,wishlist
19,6587,wishlist
9,5525,wishlist
41,3440,search
31,5416,wishlist
24,8921,search
14,9723,search
47,7246,wishlist
25,8633,search
6,4407,search
18,7669,search
45,2320,wishlist
26,2752,bid
44,7677,wishlist
16,9331,wishlist
50,1743,search
37,5130,search
34,2584,wishlist
32,7319,search
15,343,search
6,5511,bid
26,34,search
30,9308,search
5,6352,search
13,4175,search
8,5763,wishlist
20,5578,search
25,6779,search
27,4928,search
26,968,search
24,5769,search
3,7053,search
36,5992,bid
11,1465,wishlist
19,6256,search
6,9504,search
12,5179,search
7,2698,search
36,9074,search
33,3061,wishlist
29,971,search
2,8335,wishlist
46,3663,search
33,2912,search
32,6447,bid
26,9297,search
41,7719,search
38,7636,search
25,1042,wishlist
47,3830,wishlist
44,1358,search
40,5566,search
40,157,search
20,5691,wishlist
48,968,wishlist
9,2847,search
41,6839,wishlist
20,6840,search
2,1050,bid
40,6399,search
39,8375,search
9,5579,bid
20,4678,wishlist
47,1084,bid
24,6267,wishlist
27,8502,wishlist
49,555,search
23,8696,search
15,8182,wishlist
39,1849,search
11,2439,wishlist
20,6839,search
28,3809,search
27,8534,wishlist
36,6325,search
48,5165,search
31,272,bid
14,4628,search
38,3905,wishlist
4,3895,search
32,8536,search
45,3991,wishlist
10,9203,bid
45,7529,search
41,8156,search
7,1504,search
3,1139,search
16,7146,search
19,3258,search
40,3994,bid
40,4007,search
9,7851,search
48,3265,search
39,307,bid
43,7210,search
7,1203,search
47,3839,search
5,1060,wishlist
2,2261,bid
14,1517,search
29,4628,wishlist
9,2758,search
21,6010,search
37,7304,search
21,6646,wishlist
19,4951,search
38,6277,search
9,268,search
3,5225,search
27,437,wishlist
16,2422,search
42,650,search
8,7455,bid
6,8319,search
26,1082,search
22,2266,wishlist
12,3891,search
37,1451,search
17,6976,wishlist
6,891,search
33,9031,wishlist
47,8641,wishlist
42,8464,wishlist
14,8299,search
17,4086,search
23,4896,search
30,7475,wishlist
41,9351,wishlist
42,925,wishlist
40,1253,wishlist
27,1284,wishlist
36,4119,search
35,1202,wishlist
35,1584,search
43,6263,search
43,8845,search
11,5748,wishlist
24,9542,search
22,3755,search
15,9253,search
28,4772,search
38,2470,wishlist
33,9814,search
1,5289,wishlist
19,2698,search
12,2159,bid
23,7550,bid
12,1952,wishlist
35,3674,wishlist
44,2925,search
11,531,search
31,316,search
5,1296,search
6,3661,wishlist
33,4825,bid
9,4247,wishlist
31,5186,search
3,3920,wishlist
14,4100,search
10,9421,wishlist
32,6553,search
38,9180,wishlist
47,1293,search
36,671,wishlist
48,1465,search
20,1213,search
8,5735,wishlist
40,4616,search
43,9609,wishlist
26,9266,bid
22,2517,search
32,2535,search
46,1505,search
37,1860,search
31,8863,bid
13,9237,search
26,3889,wishlist
23,6473,wishlist
29,1194,wishlist
35,5550,search
2,5522,search
3,4283,wishlist
8,9607,wishlist
40,2681,search
12,9208,bid
39,1466,bid
47,8621,search
20,5773,search
49,7572,wishlist
33,8034,search
48,1778,search
41,1857,bid
47,6569,search
4,8598,search
50,2172,wishlist
36,1324,wishlist
46,84,search
15,7970,search
5,6618,search
45,9736,search
22,5101,search
45,4685,search
16,3404,search
15,8972,search
20,7006,bid
30,1906,search
13,5190,search
38,3435,search
15,2999,wishlist
43,3120,bid
20,1799,search
43,574,search
5,4172,search
43,6685,wishlist
6,3997,search
11,7859,wishlist
49,5421,search
22,1043,search
12,5379,search
38,8649,search
23,4916,search
24,252,bid
50,6816,wishlist
17,4483,search
44,2377,search
24,9115,bid
9,4714,search
25,864,search
46,6501,wishlist
15,291,search
26,7206,search
41,3086,wishlist
28,3132,wishlist
1,7588,search
14,3414,search
10,6195,wishlist
28,5836,wishlist
7,9616,search
7,7388,search
5,642,search
1,9683,search
23,6664,search
44,3696,search
20,3095,search
3,9222,search
13,3701,search
1,803,wishlist
35,34,search
13,2776,search
14,7262,search
10,6988,search
2,9365,bid
10,5125,wishlist
47,7493,search
5,9485,search
34,8908,wishlist
2,107,search
45,2219,search
50,4343,search
29,722,search
1,6957,search
1,6878,wishlist
11,6834,search
45,8981,search
18,8696,wishlist
10,2324,wishlist
20,6,search
50,9607,search
3,2052,search
10,2626,search
50,3150,bid
5,6380,wishlist
26,9527,wishlist
7,6548,search
25,6216,search
5,3276,wishlist
14,819,bid
27,5314,search
36,7304,search
9,3221,search
3,4868,wishlist
26,643,search
1,9536,bid
36,5206,search
23,6163,wishlist
32,5531,search
7,1166,search
2,7187,bid
3,5259,wishlist
30,8189,wishlist
26,6108,search
24,9887,wishlist
38,4657,search
38,8276,search
32,913,search
18,6432,search
15,6723,wishlist
40,7494,search
37,2003,search
30,4696,search
2,9910,wishlist
7,9147,search
4,6295,search
17,4115,wishlist
27,9045,wishlist
44,5632,bid
27,2707,bid
9,4006,wishlist
15,1432,search
40,1301,wishlist
17,7946,wishlist
32,1348,search
34,6661,search
23,8577,wishlist
26,7682,search
45,3319,wishlist
10,7523,wishlist
49,3149,wishlist
45,671,search
34,8039,search
12,3766,search
50,1656,search
37,267,search
42,6865,search
23,183,wishlist
49,4727,search
23,2992,search
8,1053,search
26,9309,wishlist
48,9751,search
44,7109,search
28,8697,search
12,3388,wishlist
1,8453,search
35,3463,wishlist
28,4864,wishlist
15,5090,search
2,9955,wishlist
43,2879,wishlist
47,9168,wishlist
43,7920,bid
26,5844,wishlist
33,4292,search
9,6565,search
24,6949,wishlist
48,1713,search
37,3361,search
10,3744,search
32,5142,bid
20,6702,search
45,6634,search
42,4329,bid
36,5536,search
43,3608,search
36,2290,wishlist
9,7574,search
4,7324,search
10,8100,search
6,9392,search
49,3815,search
4,6363,search
32,2796,bid
6,7962,search
4,7074,search
36,2863,search
44,205,wishlist
47,8844,search
26,5012,search
6,4753,wishlist
20,6676,search
41,9620,wishlist
49,3336,wishlist
25,5184,bid
38,4206,search
45,1064,bid
13,1695,search
24,6994,search
7,2787,wishlist
32,1177,search
39,8103,bid
36,7242,wishlist
46,5182,bid
15,3469,search
15,3234,search
7,4388,wishlist
34,6996,search
39,1517,search
17,4832,wishlist
13,8462,search
33,731,wishlist
42,6001,wishlist
17,8306,search
11,6237,search
34,1165,wishlist
30,1764,search
44,9577,search
30,3579,search
28,8979,wishlist
27,4536,search
48,2121,search
11,8971,wishlist
33,7737,search
46,1810,wishlist
26,4962,search
34,9826,search
43,4121,search
25,6798,search
5,3895,search
33,3254,search
47,569,search
24,9692,bid
22,1791,bid
1,6528,wishlist
11,2110,bid
3,5681,search
50,5940,wishlist
43,1449,search
6,7538,search
27,5077,wishlist
22,4894,search
35,8760,wishlist
16,4291,search
45,7733,search
15,372,search
22,2388,wishlist
28,4380,search
12,9698,wishlist
10,1308,wishlist
28,1730,search
50,9731,search
22,9463,search
40,6373,search
31,3605,search
50,5341,search
26,6596,wishlist
39,5527,wishlist
17,3803,search
47,1994,bid
46,2806,wishlist
17,8767,wishlist
49,8331,wishlist
5,3195,search
6,5444,search
24,1545,search
13,8882,bid
41,7434,search
33,6804,search
34,5250,search
50,2832,wishlist
45,5765,search
35,8873,search
47,9041,wishlist
47,3091,wishlist
5,6804,search
6,5158,bid
5,7644,search
26,4698,search
27,2545,wishlist
39,4804,search
35,616,wishlist
17,2914,wishlist
11,3194,search
48,7666,search
3,3151,wishlist
7,4197,search
12,9020,search
22,9823,search
19,1014,search
42,5719,search
29,8525,search
9,8440,search
6,9203,wishlist
36,9964,wishlist
37,5663,search
50,6592,wishlist
2,3053,search
50,9615,search
10,2098,search
41,7621,search
2,4014,wishlist
50,9336,wishlist
46,4074,bid
43,2483,search
11,9697,search
9,7584,search
40,7441,wishlist
32,198,search
49,8772,search
28,1580,search
42,8885,search
4,4374,search
24,546,search
24,608,wishlist
8,9679,search
46,5849,wishlist
5,6430,search
23,2184,search
14,5455,wishlist
37,4221,search
25,1346,wishlist
2,7066,search
3,1934,wishlist
20,4954,search
16,5079,search
45,2292,search
35,2090,bid
29,1098,wishlist
25,412,search
42,7879,wishlist
18,386,wishlist
6,896,search
24,2378,wishlist
27,6860,bid
2,2558,wishlist
37,9566,wishlist
5,298,search
48,5189,search
1,9109,search
18,4028,search
15,1459,search
4,1463,search
44,3442,search
3,2139,bid
19,7309,wishlist
14,8412,search
26,6941,search
24,7645,bid
14,609,wishlist
8,8578,search
30,4336,search
14,5399,search
23,5187,search
38,9094,wishlist
6,8520,wishlist
26,4915,wishlist
22,9831,search
11,2544,bid
19,9129,search
2,5751,search
23,4688,search
27,2423,wishlist
34,5235,wishlist
2,3975,wishlist
49,743,search
6,836,search
29,3105,search
32,9880,search
27,302,search
5,7072,search
18,5545,search
31,7830,search
20,9926,search
45,8851,search
49,623,search
7,3938,wishlist
1,1405,wishlist
15,8986,search
23,4984,search
43,2925,wishlist
16,8607,wishlist
17,6839,search
38,2968,wishlist
32,7652,search
40,5578,search
35,759,search
50,574,search
26,8995,wishlist
14,5222,search
11,9237,wishlist
43,6707,bid
27,7249,search
46,6588,search
31,1198,search
43,1524,search
45,7669,search
26,1006,search
32,6030,wishlist
17,4472,bid
35,9413,search
19,7100,wishlist
48,3528,bid
23,5871,search
15,4019,wishlist
34,1968,search
5,6307,search
15,5808,wishlist
22,4521,wishlist
44,5603,wishlist
7,9713,bid
27,3129,wishlist
36,2587,wishlist
6,153,bid
35,3120,wishlist
32,9295,search
32,5301,search
9,5738,search
30,7455,search
3,7505,search
47,1126,wishlist
18,9761,search
2,1375,search
1,9034,search
22,3392,search
37,9603,wishlist
49,2111,search
3,5970,search
7,8236,search
5,8670,search
25,9344,search
44,4931,search
36,9350,wishlist
19,5990,wishlist
26,789,search
30,7707,wishlist
2,6821,search
30,8945,bid
26,4471,search
18,6450,bid
9,4284,search
30,1691,search
6,327,bid
31,9480,search
9,6953,wishlist
47,745,wishlist
20,5465,search
2,876,search
13,3516,search
34,9388,search
42,2031,bid
15,4490,bid
11,1355,search
50,1171,search
39,2320,wishlist
20,970,search
11,6706,wishlist
25,9921,search
40,7698,wishlist
28,5763,bid
37,2226,search
45,7699,search
17,6002,wishlist
8,9944,search
48,9215,wishlist
7,745,bid
21,5623,wishlist
45,6504,search
42,1734,search
11,9419,search
29,3654,search
23,8997,bid
32,1437,search
29,8833,search
28,563,search
13,6925,search
47,2353,bid
34,5603,search
38,402,search
12,5537,search
39,8440,bid
20,6714,search
15,774,search
21,3476,wishlist
47,769,search
35,1142,search
17,7781,wishlist
24,8655,wishlist
32,8095,search
13,3018,search
38,2468,wishlist
48,4381,bid
14,309,search
30,9658,bid
11,3591,search
46,2831,search
38,9626,search
16,6629,wishlist
43,4341,bid
5,2213,search
37,6513,search
36,8708,search
17,6406,search
37,527,wishlist
18,7958,wishlist
13,2428,wishlist
16,8411,wishlist
29,7428,search
19,8677,wishlist
5,8970,wishlist
48,7441,search
8,6520,wishlist
19,5663,wishlist
20,3373,search
11,5217,search
7,2785,bid
17,2432,search
2,4359,search
25,972,wishlist
48,3393,search
23,4892,wishlist
36,8893,wishlist
16,1840,search
18,3133,search
5,7818,wishlist
15,1298,search
2,6714,wishlist
38,306,search
39,6381,search
4,4030,wishlist
22,7763,bid
7,4030,bid
45,7819,search
27,4278,search
41,6574,wishlist
40,7065,search
46,7434,wishlist
34,4998,search
19,2719,search
10,9380,wishlist
35,343,search
50,6497,wishlist
6,8388,search
47,6032,wishlist
12,8277,search
15,1416,search
30,3731,search
49,1551,wishlist
8,453,search
40,3195,search
26,2921,search
44,7293,search
32,7195,wishlist
46,8495,search
24,7944,search
36,8213,search
11,2203,wishlist
31,3463,search
16,6326,search
28,1964,wishlist
37,9994,wishlist
43,2787,search
10,4909,search
37,3266,search
1,1822,search
40,9079,wishlist
1,660,bid
27,8405,wishlist
3,9425,search
39,259,search
26,2730,wishlist
47,2553,bid
6,9452,search
26,3971,search
26,4148,wishlist
33,9009,search
1,6383,search
11,5464,search
6,4727,wishlist
36,1973,search
50,5537,search
15,6727,wishlist
29,9648,bid
48,5029,wishlist
35,8635,wishlist
39,8261,search
30,35,search
27,403,search
50,6796,wishlist
3,7107,search
19,7636,search
38,8204,wishlist
34,2862,search
50,931,wishlist
29,578,search
1,7790,search
40,2914,bid
26,5177,wishlist
24,986,wishlist
33,1741,search
49,3389,wishlist
30,5878,bid
43,7833,bid
43,7026,search
41,3689,search
2,7411,wishlist
20,6358,search
10,560,bid
45,7061,wishlist
12,6178,wishlist
48,5514,wishlist
33,1606,search
45,8713,search
24,7590,wishlist
10,6309,search
26,1904,wishlist
31,2980,search
46,4233,search
6,8836,bid
45,5116,search
2,1909,search
37,1113,search
26,9335,bid
24,4892,search
8,7998,search
8,8257,search
35,5728,wishlist
26,8338,search
34,1635,search
35,6007,wishlist
12,8733,search
16,2787,search
38,1189,search
39,3608,search
25,1988,wishlist
22,5493,search
22,2400,search
3,3493,search
50,9877,search
17,3148,wishlist
12,6446,bid
44,7768,search
5,9894,search
42,9954,wishlist
8,8868,search
23,3433,search
22,8352,search
35,378,search
18,7319,wishlist
14,9806,search
45,6664,search
34,1263,search
29,343,wishlist
29,4421,search
23,9938,search
17,4911,wishlist
5,7599,search
3,4755,search
46,4359,wishlist
25,5873,search
23,1496,wishlist
45,7303,bid
27,2773,wishlist
22,8529,search
20,8831,search
22,8195,wishlist
16,6648,search
48,9323,search
15,3047,wishlist
47,8915,search
37,8260,wishlist
48,5237,search
4,3625,wishlist
38,9146,wishlist
12,1077,search
10,4804,search
6,9211,wishlist
47,4384,search
7,2620,search
35,3357,search
33,2535,search
46,6588,search
18,8765,search
38,5050,wishlist
21,9483,search
3,6695,search
44,1923,search
12,804,search
34,8790,wishlist
21,5320,search
49,938,wishlist
43,246,search
26,2772,search
33,4403,search
22,5854,search
14,3631,wishlist
5,2629,search
1,7017,wishlist
25,133,bid
48,3836,search
15,8955,search
21,2783,search
22,8022,bid
5,2105,search
12,7987,wishlist
9,7590,search
37,2965,wishlist
19,7433,search
40,1296,wishlist
1,218,wishlist
41,52,search
19,1872,search
5,2960,search
14,6779,search
48,4930,wishlist
7,5018,search
25,5094,search
40,1951,search
35,5274,wishlist
47,4038,search
10,3094,search
41,9810,wishlist
14,3587,search
45,3570,search
25,9823,search
7,4531,wishlist
13,5824,wishlist
34,3228,search
9,5050,search
15,905,bid
40,5192,search
37,5870,wishlist
43,9858,search
48,395,search
20,2609,wishlist
5,3463,wishlist
48,35,wishlist
29,672,search
1,1839,wishlist
17,5245,search
48,9316,search
23,5170,search
11,6956,wishlist
34,4926,search
21,7990,search
42,4813,search
39,1363,search
32,6814,wishlist
7,3808,search
3,7887,wishlist
36,3686,bid
32,7284,search
36,3355,search
7,2544,search
45,2783,search
34,7461,wishlist
39,1716,search
21,560,search
48,7845,search
35,2209,search
50,7074,search
41,5074,wishlist
40,5798,search
11,2151,wishlist
18,3334,search
39,3086,wishlist
32,3583,search
14,4650,wishlist
22,1952,search
12,3621,search
6,7400,wishlist
27,8209,wishlist
27,978,search
30,4440,search
16,2372,search
14,9494,wishlist
6,6920,search
23,7821,search
35,4853,search
4,6165,search
39,6523,wishlist
17,2442,wishlist
19,5178,wishlist
46,8728,wishlist
21,1967,wishlist
48,8889,search
46,9737,search
37,9851,search
18,2822,search
45,1007,search
32,4639,wishlist
39,8852,wishlist
50,4659,search
20,474,search
2,5094,wishlist
12,47,search
43,24,search
10,8450,search
35,2700,search
12,4154,search
9,7890,wishlist
1,8842,search
11,1079,search
4,7483,search
49,3516,search
4,8801,search
11,7881,search
9,7050,search
38,5827,search
44,7143,wishlist
22,935,search
29,3942,search
32,2893,wishlist
22,2397,search
29,4794,bid
9,4038,bid
48,3389,search
32,8093,search
33,3164,search
32,2855,wishlist
32,9725,wishlist
41,8262,search
4,3548,wishlist
40,9171,wishlist
1,5593,bid
5,3095,search
25,507,wishlist
45,1583,wishlist
9,2535,search
46,891,search
31,4815,search
35,1175,search
12,8815,wishlist
44,2862,search
42,3460,wishlist
9,2125,bid
3,2014,bid
7,125,search
24,6305,search
38,631,bid
39,2609,search
31,8122,wishlist
1,828,search
50,5310,search
39,2119,wishlist
5,5955,search
21,6066,wishlist
24,6687,wishlist
19,3666,search
6,3743,search
49,8376,wishlist
4,3895,search
39,3516,search
15,4088,search
24,7572,search
10,9643,wishlist
36,3536,search
2,9180,search
10,3568,search
44,7150,search
5,7954,wishlist
4,6199,wishlist
32,4653,wishlist
3,171,wishlist
18,6656,search
8,4483,search
46,5159,wishlist
42,5759,search
27,8884,wishlist
5,4823,bid
40,9392,wishlist
28,560,search
18,4245,wishlist
31,4658,search
40,2480,bid
5,3087,search
20,8495,search
43,4027,search
37,1418,wishlist
39,6564,search
6,8302,wishlist
8,3472,search
43,2139,search
19,9628,wishlist
36,7770,search
18,5384,search
47,669,search
45,1148,search
40,8712,bid
6,4702,wishlist
4,5313,search
43,7603,bid
26,5072,search
14,3552,search
20,1448,search
45,8269,search
24,9685,bid
27,7944,wishlist
21,1508,bid
5,7523,search
40,5302,bid
8,9284,wishlist
4,8953,wishlist
43,8543,search
7,2419,search
17,6777,search
48,4557,search
9,6503,bid
22,6275,search
26,7844,search
23,4225,search
38,2317,search
41,4921,wishlist
8,5528,wishlist
15,8862,wishlist
1,2093,search
31,1713,search
31,2762,search
47,5408,search
16,3034,wishlist
17,5761,bid
22,6874,search
30,6682,wishlist
5,4963,search
34,8979,wishlist
46,6954,wishlist
29,2172,bid
42,1149,bid
2,4834,search
47,5491,wishlist
7,8852,search
18,9029,search
11,624,search
15,1037,search
12,4614,search
10,8497,bid
3,9731,wishlist
5,2487,search
49,1651,wishlist
29,5149,search
28,6813,search
7,3707,search
34,4569,search
18,9123,wishlist
39,9932,search
47,9250,search
35,2791,wishlist
4,5596,wishlist
49,9477,bid
34,7791,search
5,7257,wishlist
30,4997,search
26,5101,wishlist
38,8623,search
50,6312,search
49,2104,search
22,8557,wishlist
13,9961,search
20,3704,search
17,1677,bid
33,7371,wishlist
13,6240,search
49,2948,search
48,3910,wishlist
1,6211,wishlist
50,6390,search
43,2830,wishlist
44,1789,wishlist
12,9389,wishlist
17,1874,search
29,2181,search
4,9057,search
26,5346,wishlist
1,1638,search
44,6053,search
34,740,wishlist
13,5101,bid
41,8409,search
14,464,search
25,3856,wishlist
4,989,wishlist
7,7852,search
42,5913,wishlist
39,5721,search
27,9367,wishlist
17,8659,search
35,4715,wishlist
43,4626,search
11,8084,wishlist
15,6565,bid
28,3079,search
35,8078,search
9,337,search
47,1818,wishlist
3,3436,search
37,7893,search
44,2755,search
6,6153,search
7,833,search
2,2691,wishlist
47,1904,search
2,1696,search
44,3233,wishlist
19,1432,search
25,3337,search
24,8581,search
14,6734,wishlist
40,251,search
4,7050,search
15,115,wishlist
46,8180,wishlist
3,8908,search
17,4359,bid
43,5172,search
19,5763,search
47,8803,search
6,2490,wishlist
50,3127,wishlist
19,7645,search
4,7112,search
50,7455,search
48,8245,search
35,2864,bid
13,2218,search
36,445,search
11,429,search
14,5763,wishlist
6,5868,bid
17,5455,search
14,9637,wishlist
32,2071,search
9,8007,search
11,5536,search
6,8947,bid
41,1872,search
3,4527,search
44,2251,search
35,3669,search
24,4179,search
28,3186,search
30,1217,wishlist
3,340,wishlist
50,1535,wishlist
26,3161,search
29,3074,wishlist
2,6803,wishlist
17,5517,search
7,4795,search
18,9079,search
19,6148,wishlist
44,7130,search
13,7530,search
37,961,wishlist
24,7626,search
30,7150,wishlist
22,7096,wishlist
33,9766,bid
22,3069,search
33,4018,wishlist
42,1755,bid
16,4940,bid
44,2156,wishlist
1,4217,search
25,6139,search
14,6112,search
27,5813,search
26,649,search
44,5832,search
20,3688,search
29,4235,wishlist
34,7597,search
13,3358,wishlist
19,6600,search
22,6768,wishlist
48,4216,search
19,5401,search
5,2462,search
19,7000,wishlist
19,9551,wishlist
28,5965,search
47,5034,search
7,7947,search
26,537,wishlist
49,2695,search
38,2757,search
25,7596,bid
48,5606,wishlist
48,897,wishlist
13,133,search
10,679,bid
8,3575,search
5,1732,wishlist
39,5951,search
47,5045,wishlist
13,4233,bid
5,2968,search
8,961,search
44,2132,bid
13,2355,search
6,8912,search
23,5981,wishlist
35,2406,wishlist
19,1989,wishlist
6,3833,search
7,3019,search
26,4480,wishlist
37,3053,search
49,383,search
26,5152,search
29,1561,search
49,3831,wishlist
28,195,bid
1,4623,search
32,461,search
9,1022,search
9,9839,search
9,7364,search
25,6275,search
39,4225,search
34,2533,search
24,6080,search
21,8653,wishlist
28,1353,search
37,9076,wishlist
33,3090,search
18,9052,search
30,7348,search
7,5649,wishlist
8,5761,wishlist
9,3526,search
33,1282,search
32,8595,search
32,2057,search
20,5805,wishlist
5,3041,wishlist
25,2078,wishlist
33,7814,search
21,4230,wishlist
40,5884,bid
38,7328,wishlist
11,5744,search
48,7808,bid
46,3035,bid
18,278,search
32,4705,search
28,8141,wishlist
25,6831,bid
7,1205,search
23,1725,search
19,8251,search
45,7285,wishlist
40,6388,search
3,921,bid
21,366,bid
19,8498,wishlist
8,8125,search
2,6907,bid
5,6502,bid
30,9721,search
42,6025,search
17,1587,search
33,7446,search
37,8746,wishlist
19,3512,search
23,3778,search
40,4148,search
5,6825,search
12,1741,search
14,1438,search
47,2974,wishlist
49,556,search
28,8517,wishlist
45,7260,search
30,7821,search
30,2129,bid
36,118,search
33,4095,search
42,8195,search
7,9273,search
25,9968,search
33,427,search
47,6932,search
4,9266,search
24,4838,search
33,8050,wishlist
38,1085,bid
45,8632,search
43,1038,wishlist
2,4603,search
24,6286,search
39,1403,search
45,2571,wishlist
21,135,wishlist
2,5190,search
42,8055,search
4,8694,search
24,8558,wishlist
24,7397,search
30,7660,search
50,158,bid
23,3224,search
27,1010,wishlist
38,4156,search
34,5712,search
37,3618,search
48,7854,search
49,9059,search
43,6294,search
30,4485,search
21,2031,wishlist
13,7180,wishlist
18,8230,wishlist
40,5575,search
28,148,search
13,3176,bid
31,9986,wishlist
9,4524,search
30,2794,wishlist
39,9285,bid
17,4968,search
7,9756,wishlist
2,5857,bid
5,5932,wishlist
1,7021,bid
26,74,search
18,6763,search
24,3767,search
35,5679,wishlist
1,1673,search
19,8595,wishlist
31,1354,search
41,83,wishlist
37,2353,search
11,2255,search
25,5524,search
33,1461,search
10,3204,bid
47,1415,search
15,5685,bid
5,9714,wishlist
10,4816,wishlist
19,5921,wishlist
15,1203,wishlist
2,8799,wishlist
12,6071,wishlist
26,4324,search
47,8932,wishlist
24,1957,search
23,7814,wishlist
47,389,wishlist
8,2921,search
10,5506,bid
19,8014,search
1,9216,search
9,8032,wishlist
33,527,search
6,4885,bid
50,3178,search
32,4948,search
29,6576,search
41,7301,wishlist
19,6870,wishlist
31,748,search
31,9212,bid
27,4350,search
47,9451,search
29,9154,bid
49,94,search
19,2764,search
7,2958,wishlist
4,6261,search
39,7180,wishlist
10,3987,search
7,2438,search
49,2516,bid
26,4445,wishlist
25,8167,wishlist
16,7950,search
10,4809,search
8,6415,search
10,5546,search
27,9181,search
8,7083,search
29,5718,search
23,7543,search
27,4596,wishlist
3,3534,search
26,2655,bid
4,7453,wishlist
19,3439,wishlist
46,5791,search
35,645,wishlist
33,6557,wishlist
18,2784,search
31,3664,wishlist
39,5933,search
32,3556,wishlist
10,1345,search
8,7840,search
46,748,search
48,6518,search
17,1630,wishlist
38,2491,wishlist
27,8583,search
24,3361,wishlist
11,7277,search
31,3917,search
22,8850,search
16,9423,search
43,1098,search
44,1207,search
37,5146,wishlist
7,597,search
44,5813,bid
27,4873,search
15,6538,wishlist
38,3529,wishlist
23,9749,wishlist
42,693,search
11,4665,search
43,9787,search
49,4984,wishlist
34,7608,wishlist
7,8111,wishlist
44,1560,wishlist
13,7804,search
5,2016,wishlist
23,4995,search
16,4586,search
24,3105,search
36,7861,bid
10,7923,search
42,9243,search
32,8779,search
24,7462,wishlist
16,3194,search
39,8304,bid
48,8418,search
48,2715,search
37,1732,bid
2,7217,search
40,6574,search
44,4959,bid
23,7704,wishlist
21,8981,search
44,2060,search
18,6404,bid
27,4677,search
26,7211,search
38,3908,bid
46,9498,wishlist
5,7294,bid
19,2015,wishlist
1,728,search
30,8130,search
43,5790,wishlist
39,488,search
7,8789,search
43,5984,bid
27,4436,search
10,4294,bid
45,7546,search
16,2966,search
18,2043,bid
20,4879,search
50,8976,bid
21,8489,search
19,9633,search
41,2066,bid
33,1130,wishlist
44,6154,search
9,969,wishlist
23,914,search
46,980,search
30,310,wishlist
42,963,search
26,9874,wishlist
36,6234,wishlist
6,852,wishlist
45,3427,search
37,7443,bid
8,4514,search
23,7087,bid
46,9416,search
28,3337,search
35,9989,wishlist
9,3206,search
5,7727,wishlist
35,4242,search
28,8646,wishlist
1,7032,bid
38,7534,wishlist
47,3399,search
5,969,search
4,2061,search
14,5203,search
6,5273,bid
39,2478,wishlist
17,6355,wishlist
18,9848,wishlist
44,6036,search
32,4885,wishlist
46,7548,search
49,7070,search
28,6774,bid
31,1094,search
18,8804,search
22,931,wishlist
5,9451,wishlist
33,8927,wishlist
47,5819,search
36,9613,wishlist
20,5311,search
12,4513,search
9,4935,wishlist
18,5548,bid
41,4083,search
16,8461,wishlist
44,601,wishlist
9,956,wishlist
37,1174,bid
